VariantID,Make_Descr,Model_Descr,From_Year,To_Year,Option,Position,Product_Descr,ProductID,Bodytype,SubModel
BK9346,Buick,Enclave,2013,2017,2pc Front w/Metal Grommets (#5),"",CUSTOM FLOORMATS STYLE A,CFMA,"",""
BK9346A1,Buick,Enclave,2013,2017,2pc Front w/Metal Grommets (#5),Front,DESIGNER FLOORMAT STYLE A,DFMA,"",""
BK9347,Buick,Enclave,2013,2017,"1 STRIP - SECOND ROW, ONLY FOR VEHICLES WITH 2ND ROW BUCKET SEATS","",CUSTOM FLOORMATS STYLE C,CFMC,"",""
BK9347B2,Buick,Enclave,2013,2017,"2pc Front & 1 Strip - SECOND ROW, ONLY FOR VEHICLES WITH 2ND ROW BUCKET SEATS",Front Center,DESIGNER FLOORMAT STYLE B,DFMB,"",""
BK9348,Buick,Enclave,2013,2017,"1 STRIP - SECOND ROW, ONLY FOR VEHICLES WITH 2ND ROW SPLIT BENCH","",CUSTOM FLOORMATS STYLE C,CFMC,"",""
BK9348B3,Buick,Enclave,2013,2017,"2pc Front & 1 Strip - SECOND ROW, ONLY FOR VHEICLES WITH 2ND ROW SPLIT BENCH",Front Center,DESIGNER FLOORMAT STYLE B,DFMB,"",""
BK9349,Buick,Enclave,2013,2017,"2 STRIP - SECOND & THIRD ROW, ONLY FOR VEHICLES WITH 2ND ROW BUCKET SEATS","",CUSTOM FLOORMATS STYLE D,CFMD,"",""
BK9349C1,Buick,Enclave,2013,2017,"2 STRIP - SECOND & THIRD ROW, ONLY FOR VEHICLES WITH 2ND ROW BUCKET SEATS",Third Row and Rear,DESIGNER FLOORMAT STYLE C,DFMC,"",""
BK9350,Buick,Enclave,2013,2017,"2 STRIP - SECOND & THIRD ROW, ONLY FOR VEHICLES WITH 2ND ROW SPLIT BENCH","",CUSTOM FLOORMATS STYLE D,CFMD,"",""
BK9350C1,Buick,Enclave,2013,2017,"2 STRIP - SECOND & THIRD ROW, ONLY FOR VEHICLES WITH 2ND ROW SPLIT BENCH",Third Row and Rear,DESIGNER FLOORMAT STYLE C,DFMC,"",""
AC9354,Acura,TLX,2018,2018,"2pcs Front w/Honda Style Turning Knob (2 on driver, 1 on Passenger)","",CUSTOM FLOORMATS STYLE A,CFMA,"",""
AC9354A1,Acura,TLX,2018,2018,"2pcs Front (2 on driver, 1 on Passenger) w/ Plastic Grommets",Front,DESIGNER FLOORMAT STYLE A,DFMA,"",""
AC9355,Acura,TLX,2018,2018,"2pcs Front w/Honda Style Turning Knob (2 on driver, 1 on Passenger) & 2pcs Rear","",CUSTOM FLOORMATS STYLE B,CFMB,"",""
AC9355B1,Acura,TLX,2018,2018,"2pcs Front (2 on driver, 1 on Passenger) & 2pcs Rear w/ Plastic Grommets",Front Center,DESIGNER FLOORMAT STYLE B,DFMB,"",""
AC9360,Acura,MDX,2018,2018,2PC Front with Honda Style Grommet (Driver & Passenger,"",CUSTOM FLOORMATS STYLE A,CFMA,"",""
AC9360A1,Acura,MDX,2018,2018,2PC Front (Driver & Passenger) w/ Plastic Grommets,Front,DESIGNER FLOORMAT STYLE A,DFMA,"",""
AC9361,Acura,MDX,2018,2018,1 Strip Middle Row,"",CUSTOM FLOORMATS STYLE C,CFMC,"",""
AC9361B3,Acura,MDX,2018,2018,"2pcs Front,1 Strip Middle Row",Front Center,DESIGNER FLOORMAT STYLE B,DFMB,"",""
AC9362,Acura,MDX,2018,2018,1 Strip Middle Row + 1 Strip Rear Row,"",CUSTOM FLOORMATS STYLE D,CFMD,"",""
AC9362C1,Acura,MDX,2018,2018,"1 Strip Middle Row,1 Strip Rear Row",Third Row and Rear,DESIGNER FLOORMAT STYLE C,DFMC,"",""
AC9373,Acura,RDX,2018,2018,"2pc Front w/Honda Plastic Grommets, 3OT131 & 3OT132","",CUSTOM FLOORMATS STYLE A,CFMA,"",""
AC9373A1,Acura,RDX,2018,2018,"2pc Front w/Honda Plastic Grommets, 3OT131 & 3OT132",Front,DESIGNER FLOORMAT STYLE A,DFMA,"",""
AC9374,Acura,RDX,2018,2018,"2pc Front w/Honda Plastic Grommets + 2pc Rear, 3OT131 & 3OT132","",CUSTOM FLOORMATS STYLE B,CFMB,"",""
AC9374B3,Acura,RDX,2018,2018,"2pc Front w/Honda Plastic Grommets + 2pc Rear, 3OT131 & 3OT132",Front Center,DESIGNER FLOORMAT STYLE B,DFMB,"",""
AS7108A1,Aston Martin,DB11,2018,2018,2pc Front w/Grommets,Front,DESIGNER FLOORMAT STYLE A,DFMA,"",""
AS7109C1,Aston Martin,DB11,2018,2018,1pc Trunk Mat,Third Row and Rear,DESIGNER FLOORMAT STYLE C,DFMC,"",""
AU9283,Audi,Q3,2018,2018,"2pc Front with Plastic Grommets on Driver & Passenger Mat, OT129 & OT130","",CUSTOM FLOORMATS STYLE A,CFMA,"",""
AU9283A1,Audi,Q3,2018,2018,"2pc Front with Plastic Grommet on Driver & Passenger Mat, OT129 & OT130",Front,DESIGNER FLOORMAT STYLE A,DFMA,"",""
AU9284,Audi,Q3,2018,2018,"2pc Front & + 2pc Rear, w/ Plastic Grommet on Dr. & Pass. Mat , OT129 & OT130","",CUSTOM FLOORMATS STYLE B,CFMB,"",""
AU9284B1,Audi,Q3,2018,2018,"2pc Front & + 2pc Rear, w/ Plastic Grommet on Dr. & Pass. Mat , OT129 & OT130",Front Center,DESIGNER FLOORMAT STYLE B,DFMB,"",""
AU9291,Audi,TT Quattro,2018,2018,2pc Front with grommet for push pin on carpet,"",CUSTOM FLOORMATS STYLE A,CFMA,Coupe,""
AU9291A1,Audi,TT Quattro,2018,2018,2pc Front with grommet for push pin on carpet w/ Plastic grommets,Front,DESIGNER FLOORMAT STYLE A,DFMA,"",""
AU9292,Audi,TT Quattro,2018,2018,2pc Front with grommet for push pin on carpet,"",CUSTOM FLOORMATS STYLE A,CFMA,Convertible,""
AU9292A1,Audi,TT Quattro,2018,2018,2pc Front with grommet for push pin on carpet w/ Plastic grommets,Front,DESIGNER FLOORMAT STYLE A,DFMA,"",""
AU9301,Audi,A3 Sportback e-tron,2018,2018,2pc Front with grommet for push pin in carpet,"",CUSTOM FLOORMATS STYLE A,CFMA,Hatchback,""
AU9301A1,Audi,A3 Sportback e-tron,2018,2018,2pc Front with grommet for push pin in carpet w/ Plastic Grommets,Front,DESIGNER FLOORMAT STYLE A,DFMA,Hatchback,""
AU9302,Audi,A3 Sportback e-tron,2018,2018,2pc Front with grommet for push pin in carpet,"",CUSTOM FLOORMATS STYLE B,CFMB,Hatchback,""
AU9302B1,Audi,A3 Sportback e-tron,2018,2018,"2pc Front with grommet for push pin in carpet,2 pcs Rear w/ Plastic Grommets",Front Center,DESIGNER FLOORMAT STYLE B,DFMB,Hatchback,""
AU9324,Audi,A3,2018,2018,"2pc front w/2 grommets each for Driver & Passenger, No. 91 Style Grommet","",CUSTOM FLOORMATS STYLE A,CFMA,Sedan,""
AU9324A1,Audi,A3,2018,2018,"2pc front for Driver & Passenger, No. 91 Style Grommet w/ Plastic Grommets",Front,DESIGNER FLOORMAT STYLE A,DFMA,Sedan,""
AU9325,Audi,A3,2018,2018,"2pc front w/2 grommets each for Driver & Passenger, No. 91 Style Grommet + 2pc rear","",CUSTOM FLOORMATS STYLE B,CFMB,Sedan,""
AU9325B1,Audi,A3,2018,2018,"2pc front w/2 grommets each for Dr & Pass, No. 91 Style Grommet,2pc rear w/ Plastic Grommets",Front Center,DESIGNER FLOORMAT STYLE B,DFMB,Sedan,""
BK9321,Buick,Verano,2017,2017,"2pc front w/snap on grommet, 1st Generation","",CUSTOM FLOORMATS STYLE A,CFMA,"",""
BK9321A1,Buick,Verano,2017,2017,"2pc front w/ Plastic grommets, 1st Generation",Front,DESIGNER FLOORMAT STYLE A,DFMA,"",""
BK9322,Buick,Verano,2017,2017,"2pc front w/snap on grommet + 2pc rear, 1st Generation","",CUSTOM FLOORMATS STYLE B,CFMB,"",""
BK9322B1,Buick,Verano,2017,2017,"2pc front w/snap on grommet,2pc rear w/ Plastic grommets, 1st Generation",Front Center,DESIGNER FLOORMAT STYLE B,DFMB,"",""
BM9393,BMW,320i,2018,2018,"2PC, Does not have grommets, w/soft velcro patch on corner","",CUSTOM FLOORMATS STYLE A,CFMA,Sedan,""
BM9393,BMW,320i xDrive,2018,2018,"2PC, Does not have grommets, w/soft velcro patch on corner","",CUSTOM FLOORMATS STYLE A,CFMA,Sedan,""
BM9393,BMW,328d,2018,2018,"2PC, Does not have grommets, w/soft velcro patch on corner","",CUSTOM FLOORMATS STYLE A,CFMA,Sedan,""
BM9393,BMW,328d xDrive,2018,2018,"2PC, Does not have grommets, w/soft velcro patch on corner","",CUSTOM FLOORMATS STYLE A,CFMA,Sedan,""
BM9393,BMW,330i,2018,2018,"2PC, Does not have grommets, w/soft velcro patch on corner","",CUSTOM FLOORMATS STYLE A,CFMA,Sedan,""
BM9393A1,BMW,320i,2018,2018,"2PC, Does not have grommets, w/soft velcro patch on corner",Front,DESIGNER FLOORMAT STYLE A,DFMA,Sedan,""
BM9393A1,BMW,320i xDrive,2018,2018,"2PC, Does not have grommets, w/soft velcro patch on corner",Front,DESIGNER FLOORMAT STYLE A,DFMA,Sedan,""
BM9393A1,BMW,328d,2018,2018,"2PC, Does not have grommets, w/soft velcro patch on corner",Front,DESIGNER FLOORMAT STYLE A,DFMA,Sedan,""
BM9393A1,BMW,328d xDrive,2018,2018,"2PC, Does not have grommets, w/soft velcro patch on corner",Front,DESIGNER FLOORMAT STYLE A,DFMA,Sedan,""
BM9393A1,BMW,330i,2018,2018,"2PC, Does not have grommets, w/soft velcro patch on corner",Front,DESIGNER FLOORMAT STYLE A,DFMA,Sedan,""
BM9394,BMW,320i,2018,2018,"4PC, Does not have grommets, w/soft velcro patch on corner","",CUSTOM FLOORMATS STYLE B,CFMB,Sedan,""
BM9394,BMW,320i xDrive,2018,2018,"4PC, Does not have grommets, w/soft velcro patch on corner","",CUSTOM FLOORMATS STYLE B,CFMB,Sedan,""
BM9394,BMW,328d,2018,2018,"4PC, Does not have grommets, w/soft velcro patch on corner","",CUSTOM FLOORMATS STYLE B,CFMB,Sedan,""
BM9394,BMW,328d xDrive,2018,2018,"4PC, Does not have grommets, w/soft velcro patch on corner","",CUSTOM FLOORMATS STYLE B,CFMB,Sedan,""
BM9394,BMW,330i,2018,2018,"4PC, Does not have grommets, w/soft velcro patch on corner","",CUSTOM FLOORMATS STYLE B,CFMB,Sedan,""
BM9394B1,BMW,320i,2018,2018,"4PC, Does not have grommets, w/soft velcro patch on corner",Front Center,DESIGNER FLOORMAT STYLE B,DFMB,Sedan,""
BM9394B1,BMW,320i xDrive,2018,2018,"4PC, Does not have grommets, w/soft velcro patch on corner",Front Center,DESIGNER FLOORMAT STYLE B,DFMB,Sedan,""
BM9394B1,BMW,328d,2018,2018,"4PC, Does not have grommets, w/soft velcro patch on corner",Front Center,DESIGNER FLOORMAT STYLE B,DFMB,Sedan,""
BM9394B1,BMW,328d xDrive,2018,2018,"4PC, Does not have grommets, w/soft velcro patch on corner",Front Center,DESIGNER FLOORMAT STYLE B,DFMB,Sedan,""
BM9394B1,BMW,330i,2018,2018,"4PC, Does not have grommets, w/soft velcro patch on corner",Front Center,DESIGNER FLOORMAT STYLE B,DFMB,Sedan,""
BM9409,BMW,X5,2018,2018,"2pc front w/velcro backing style, no grommets","",CUSTOM FLOORMATS STYLE A,CFMA,"",""
BM9409A1,BMW,X5,2018,2018,"F15, F85, 2pcs front, w/velcro backing style",Front,DESIGNER FLOORMAT STYLE A,DFMA,"",""
BM9410,BMW,X5,2018,2018,"2pc front + 2pc rear w/velcro backing style, no grommets","",CUSTOM FLOORMATS STYLE B,CFMB,"",""
BM9410B1,BMW,X5,2018,2018,"F15, F85, 4pcs front & rear, w/velcro backing style",Front Center,DESIGNER FLOORMAT STYLE B,DFMB,"",""
BM9423B1,BMW,430i Gran Coupe,2018,2018,"F36 for DINAN, GRAN COUPE, 4pc Front & Rear w/velcro backing",Front Center,DESIGNER FLOORMAT STYLE B,DFMB,"",""
BM9423B1,BMW,430i xDrive Gran Coupe,2018,2018,"F36 for DINAN, GRAN COUPE, 4pc Front & Rear w/velcro backing",Front Center,DESIGNER FLOORMAT STYLE B,DFMB,"",""
BM9423B1,BMW,440i Gran Coupe,2018,2018,"F36 for DINAN, GRAN COUPE, 4pc Front & Rear w/velcro backing",Front Center,DESIGNER FLOORMAT STYLE B,DFMB,"",""
BM9423B1,BMW,440i xDrive Gran Coupe,2018,2018,"F36 for DINAN, GRAN COUPE, 4pc Front & Rear w/velcro backing",Front Center,DESIGNER FLOORMAT STYLE B,DFMB,"",""
BM9435B1,BMW,330i,2018,2018,"F34 for DINAN, GRAN TURISMO, 4pc Front & Rear w/velcro backing",Front Center,DESIGNER FLOORMAT STYLE B,DFMB,GRAN TURISMO,""
BM9435B1,BMW,328d,2018,2018,"F34 for DINAN, GRAN TURISMO, 4pc Front & Rear w/velcro backing",Front Center,DESIGNER FLOORMAT STYLE B,DFMB,GRAN TURISMO,""
BM9435B1,BMW,328d xDrive,2018,2018,"F34 for DINAN, GRAN TURISMO, 4pc Front & Rear w/velcro backing",Front Center,DESIGNER FLOORMAT STYLE B,DFMB,GRAN TURISMO,""
BM9435B1,BMW,320i xDrive,2018,2018,"F34 for DINAN, GRAN TURISMO, 4pc Front & Rear w/velcro backing",Front Center,DESIGNER FLOORMAT STYLE B,DFMB,GRAN TURISMO,""
BM9435B1,BMW,320i,2018,2018,"F34 for DINAN, GRAN TURISMO, 4pc Front & Rear w/velcro backing",Front Center,DESIGNER FLOORMAT STYLE B,DFMB,GRAN TURISMO,""
BM9435B1,BMW,340i xDrive,2018,2018,"F34 for DINAN, GRAN TURISMO, 4pc Front & Rear w/velcro backing",Front Center,DESIGNER FLOORMAT STYLE B,DFMB,GRAN TURISMO,""
BM9435B1,BMW,340i,2018,2018,"F34 for DINAN, GRAN TURISMO, 4pc Front & Rear w/velcro backing",Front Center,DESIGNER FLOORMAT STYLE B,DFMB,GRAN TURISMO,""
BM9435B1,BMW,330i GT xDrive,2018,2018,"F34 for DINAN, GRAN TURISMO, 4pc Front & Rear w/velcro backing",Front Center,DESIGNER FLOORMAT STYLE B,DFMB,GRAN TURISMO,""
BM9435B1,BMW,330i xDrive,2018,2018,"F34 for DINAN, GRAN TURISMO, 4pc Front & Rear w/velcro backing",Front Center,DESIGNER FLOORMAT STYLE B,DFMB,GRAN TURISMO,""
BM9435B1,BMW,340i GT xDrive,2018,2018,"F34 for DINAN, GRAN TURISMO, 4pc Front & Rear w/velcro backing",Front Center,DESIGNER FLOORMAT STYLE B,DFMB,GRAN TURISMO,""
BM9436B1,BMW,330i,2018,2018,"F30 for DINAN, 4pc Front & Rear w/velcro backing",Front Center,DESIGNER FLOORMAT STYLE B,DFMB,Sedan,""
BM9436B1,BMW,328d,2018,2018,"F30 for DINAN, 4pc Front & Rear w/velcro backing",Front Center,DESIGNER FLOORMAT STYLE B,DFMB,Sedan,""
BM9436B1,BMW,328d xDrive,2018,2018,"F30 for DINAN, 4pc Front & Rear w/velcro backing",Front Center,DESIGNER FLOORMAT STYLE B,DFMB,Sedan,""
BM9436B1,BMW,320i xDrive,2018,2018,"F30 for DINAN, 4pc Front & Rear w/velcro backing",Front Center,DESIGNER FLOORMAT STYLE B,DFMB,Sedan,""
BM9436B1,BMW,320i,2018,2018,"F30 for DINAN, 4pc Front & Rear w/velcro backing",Front Center,DESIGNER FLOORMAT STYLE B,DFMB,Sedan,""
BM9436B1,BMW,340i xDrive,2018,2018,"F30 for DINAN, 4pc Front & Rear w/velcro backing",Front Center,DESIGNER FLOORMAT STYLE B,DFMB,Sedan,""
BM9436B1,BMW,340i,2018,2018,"F30 for DINAN, 4pc Front & Rear w/velcro backing",Front Center,DESIGNER FLOORMAT STYLE B,DFMB,Sedan,""
BM9436B1,BMW,330i GT xDrive,2018,2018,"F30 for DINAN, 4pc Front & Rear w/velcro backing",Front Center,DESIGNER FLOORMAT STYLE B,DFMB,Sedan,""
BM9436B1,BMW,330i xDrive,2018,2018,"F30 for DINAN, 4pc Front & Rear w/velcro backing",Front Center,DESIGNER FLOORMAT STYLE B,DFMB,Sedan,""
BM9436B1,BMW,340i GT xDrive,2018,2018,"F30 for DINAN, 4pc Front & Rear w/velcro backing",Front Center,DESIGNER FLOORMAT STYLE B,DFMB,Sedan,""
BM9439B1,BMW,430i,2018,2018,"F33 for DINAN, 4pc Front & Rear, w/velcro backing",Front Center,DESIGNER FLOORMAT STYLE B,DFMB,Convertible,""
BM9439B1,BMW,430i xDrive,2018,2018,"F33 for DINAN, 4pc Front & Rear, w/velcro backing",Front Center,DESIGNER FLOORMAT STYLE B,DFMB,Convertible,""
BM9439B1,BMW,440i,2018,2018,"F33 for DINAN, 4pc Front & Rear, w/velcro backing",Front Center,DESIGNER FLOORMAT STYLE B,DFMB,Convertible,""
BM9439B1,BMW,440i xDrive,2018,2018,"F33 for DINAN, 4pc Front & Rear, w/velcro backing",Front Center,DESIGNER FLOORMAT STYLE B,DFMB,Convertible,""
BM9440B1,BMW,M4,2018,2018,"F83 for DINAN, 4pc Front & Rear, w/velcro backing",Front Center,DESIGNER FLOORMAT STYLE B,DFMB,Convertible,""
BM9441B1,BMW,430i,2018,2018,"F32 for DINAN, 4pc Front & Rear w/velcro backing",Front Center,DESIGNER FLOORMAT STYLE B,DFMB,Coupe,""
BM9441B1,BMW,430i Gran Coupe,2018,2018,"F32 for DINAN, 4pc Front & Rear w/velcro backing",Front Center,DESIGNER FLOORMAT STYLE B,DFMB,Coupe,""
BM9441B1,BMW,430i xDrive,2018,2018,"F32 for DINAN, 4pc Front & Rear w/velcro backing",Front Center,DESIGNER FLOORMAT STYLE B,DFMB,Coupe,""
BM9441B1,BMW,430i xDrive Gran Coupe,2018,2018,"F32 for DINAN, 4pc Front & Rear w/velcro backing",Front Center,DESIGNER FLOORMAT STYLE B,DFMB,Coupe,""
BM9441B1,BMW,440i,2018,2018,"F32 for DINAN, 4pc Front & Rear w/velcro backing",Front Center,DESIGNER FLOORMAT STYLE B,DFMB,Coupe,""
BM9441B1,BMW,440i Gran Coupe,2018,2018,"F32 for DINAN, 4pc Front & Rear w/velcro backing",Front Center,DESIGNER FLOORMAT STYLE B,DFMB,Coupe,""
BM9441B1,BMW,440i xDrive,2018,2018,"F32 for DINAN, 4pc Front & Rear w/velcro backing",Front Center,DESIGNER FLOORMAT STYLE B,DFMB,Coupe,""
BM9441B1,BMW,440i xDrive Gran Coupe,2018,2018,"F32 for DINAN, 4pc Front & Rear w/velcro backing",Front Center,DESIGNER FLOORMAT STYLE B,DFMB,Coupe,""
BM9442B1,BMW,M4,2018,2018,"F82 for DINAN, 4pc Front & Rear w/velcro backing",Front Center,DESIGNER FLOORMAT STYLE B,DFMB,Coupe,""
BM9447B1,BMW,X5,2018,2018,"F15 for DINAN, 4pc Front & Rear w/velcro backing",Front Center,DESIGNER FLOORMAT STYLE B,DFMB,"",""
BM9448B1,BMW,X5,2018,2018,"F85 for DINAN, 4pc Front & Rear w/velcro backing",Front Center,DESIGNER FLOORMAT STYLE B,DFMB,"",""
BM9462,BMW,X1,2018,2018,"F48, 2pc Front w/Velcro Backing","",CUSTOM FLOORMATS STYLE A,CFMA,"",""
BM9462A1,BMW,X1,2018,2018,"F48, 2pc Front w/Velcro Backing",Front,DESIGNER FLOORMAT STYLE A,DFMA,"",""
BM9463,BMW,X1,2018,2018,"F48, 2pc Front w/Velcro Backing & 2pc Rear","",CUSTOM FLOORMATS STYLE B,CFMB,"",""
BM9463B1,BMW,X1,2018,2018,"F48, 2pc Front w/Velcro Backing & 2pc Rear",Front Center,DESIGNER FLOORMAT STYLE B,DFMB,"",""
BM9464,BMW,X1,2018,2018,"F48, Cargo Mat Only","",CUSTOM FLOORMATS STYLE C,CFMC,"",""
BM9464C2,BMW,X1,2018,2018,"F48, Cargo Mat Only",Cargo Area,DESIGNER FLOORMAT STYLE C,DFMC,"",""
BM9505,BMW,430i,2018,2018,"F33, 2pc Front w/Velcro Backing","",CUSTOM FLOORMATS STYLE A,CFMA,Convertible,""
BM9505,BMW,430i xDrive,2018,2018,"F33, 2pc Front w/Velcro Backing","",CUSTOM FLOORMATS STYLE A,CFMA,Convertible,""
BM9505,BMW,440i,2018,2018,"F33, 2pc Front w/Velcro Backing","",CUSTOM FLOORMATS STYLE A,CFMA,Convertible,""
BM9505,BMW,440i xDrive,2018,2018,"F33, 2pc Front w/Velcro Backing","",CUSTOM FLOORMATS STYLE A,CFMA,Convertible,""
BM9505A1,BMW,430i,2018,2018,"F33, 2pc Front w/Velcro Backing",Front,DESIGNER FLOORMAT STYLE A,DFMA,Convertible,""
BM9505A1,BMW,430i xDrive,2018,2018,"F33, 2pc Front w/Velcro Backing",Front,DESIGNER FLOORMAT STYLE A,DFMA,Convertible,""
BM9505A1,BMW,440i,2018,2018,"F33, 2pc Front w/Velcro Backing",Front,DESIGNER FLOORMAT STYLE A,DFMA,Convertible,""
BM9505A1,BMW,440i xDrive,2018,2018,"F33, 2pc Front w/Velcro Backing",Front,DESIGNER FLOORMAT STYLE A,DFMA,Convertible,""
BM9506,BMW,430i,2018,2018,"F33, 2pc Front w/Velcro Backing & 2pc Rear","",CUSTOM FLOORMATS STYLE B,CFMB,Convertible,""
BM9506,BMW,430i xDrive,2018,2018,"F33, 2pc Front w/Velcro Backing & 2pc Rear","",CUSTOM FLOORMATS STYLE B,CFMB,Convertible,""
BM9506,BMW,440i,2018,2018,"F33, 2pc Front w/Velcro Backing & 2pc Rear","",CUSTOM FLOORMATS STYLE B,CFMB,Convertible,""
BM9506,BMW,440i xDrive,2018,2018,"F33, 2pc Front w/Velcro Backing & 2pc Rear","",CUSTOM FLOORMATS STYLE B,CFMB,Convertible,""
BM9506B1,BMW,430i,2018,2018,"F33, 2pc Front w/Velcro Backing & 2pc Rear",Front Center,DESIGNER FLOORMAT STYLE B,DFMB,Convertible,""
BM9506B1,BMW,430i xDrive,2018,2018,"F33, 2pc Front w/Velcro Backing & 2pc Rear",Front Center,DESIGNER FLOORMAT STYLE B,DFMB,Convertible,""
BM9506B1,BMW,440i,2018,2018,"F33, 2pc Front w/Velcro Backing & 2pc Rear",Front Center,DESIGNER FLOORMAT STYLE B,DFMB,Convertible,""
BM9506B1,BMW,440i xDrive,2018,2018,"F33, 2pc Front w/Velcro Backing & 2pc Rear",Front Center,DESIGNER FLOORMAT STYLE B,DFMB,Convertible,""
BM9507,BMW,430i,2018,2018,"F32, 2pc Front w/Velcro Backing","",CUSTOM FLOORMATS STYLE A,CFMA,Coupe,""
BM9507,BMW,430i Gran Coupe,2018,2018,"F32, 2pc Front w/Velcro Backing","",CUSTOM FLOORMATS STYLE A,CFMA,Coupe,""
BM9507,BMW,430i xDrive,2018,2018,"F32, 2pc Front w/Velcro Backing","",CUSTOM FLOORMATS STYLE A,CFMA,Coupe,""
BM9507,BMW,430i xDrive Gran Coupe,2018,2018,"F32, 2pc Front w/Velcro Backing","",CUSTOM FLOORMATS STYLE A,CFMA,Coupe,""
BM9507,BMW,440i,2018,2018,"F32, 2pc Front w/Velcro Backing","",CUSTOM FLOORMATS STYLE A,CFMA,Coupe,""
BM9507,BMW,440i Gran Coupe,2018,2018,"F32, 2pc Front w/Velcro Backing","",CUSTOM FLOORMATS STYLE A,CFMA,Coupe,""
BM9507,BMW,440i xDrive,2018,2018,"F32, 2pc Front w/Velcro Backing","",CUSTOM FLOORMATS STYLE A,CFMA,Coupe,""
BM9507,BMW,440i xDrive Gran Coupe,2018,2018,"F32, 2pc Front w/Velcro Backing","",CUSTOM FLOORMATS STYLE A,CFMA,Coupe,""
BM9507A1,BMW,430i,2018,2018,"F32, 2pc Front w/Velcro Bakcing",Front,DESIGNER FLOORMAT STYLE A,DFMA,Coupe,""
BM9507A1,BMW,430i Gran Coupe,2018,2018,"F32, 2pc Front w/Velcro Bakcing",Front,DESIGNER FLOORMAT STYLE A,DFMA,Coupe,""
BM9507A1,BMW,430i xDrive,2018,2018,"F32, 2pc Front w/Velcro Bakcing",Front,DESIGNER FLOORMAT STYLE A,DFMA,Coupe,""
BM9507A1,BMW,430i xDrive Gran Coupe,2018,2018,"F32, 2pc Front w/Velcro Bakcing",Front,DESIGNER FLOORMAT STYLE A,DFMA,Coupe,""
BM9507A1,BMW,440i,2018,2018,"F32, 2pc Front w/Velcro Bakcing",Front,DESIGNER FLOORMAT STYLE A,DFMA,Coupe,""
BM9507A1,BMW,440i Gran Coupe,2018,2018,"F32, 2pc Front w/Velcro Bakcing",Front,DESIGNER FLOORMAT STYLE A,DFMA,Coupe,""
BM9507A1,BMW,440i xDrive,2018,2018,"F32, 2pc Front w/Velcro Bakcing",Front,DESIGNER FLOORMAT STYLE A,DFMA,Coupe,""
BM9507A1,BMW,440i xDrive Gran Coupe,2018,2018,"F32, 2pc Front w/Velcro Bakcing",Front,DESIGNER FLOORMAT STYLE A,DFMA,Coupe,""
BM9508,BMW,430i,2018,2018,"F32, 2pc Front w/Velcro Backing & 2pc Rear","",CUSTOM FLOORMATS STYLE B,CFMB,Coupe,""
BM9508,BMW,430i Gran Coupe,2018,2018,"F32, 2pc Front w/Velcro Backing & 2pc Rear","",CUSTOM FLOORMATS STYLE B,CFMB,Coupe,""
BM9508,BMW,430i xDrive,2018,2018,"F32, 2pc Front w/Velcro Backing & 2pc Rear","",CUSTOM FLOORMATS STYLE B,CFMB,Coupe,""
BM9508,BMW,430i xDrive Gran Coupe,2018,2018,"F32, 2pc Front w/Velcro Backing & 2pc Rear","",CUSTOM FLOORMATS STYLE B,CFMB,Coupe,""
BM9508,BMW,440i,2018,2018,"F32, 2pc Front w/Velcro Backing & 2pc Rear","",CUSTOM FLOORMATS STYLE B,CFMB,Coupe,""
BM9508,BMW,440i Gran Coupe,2018,2018,"F32, 2pc Front w/Velcro Backing & 2pc Rear","",CUSTOM FLOORMATS STYLE B,CFMB,Coupe,""
BM9508,BMW,440i xDrive,2018,2018,"F32, 2pc Front w/Velcro Backing & 2pc Rear","",CUSTOM FLOORMATS STYLE B,CFMB,Coupe,""
BM9508,BMW,440i xDrive Gran Coupe,2018,2018,"F32, 2pc Front w/Velcro Backing & 2pc Rear","",CUSTOM FLOORMATS STYLE B,CFMB,Coupe,""
BM9508B1,BMW,430i,2018,2018,"F32, 2pc Front w/Velcro Backing & 2pc Rear",Front Center,DESIGNER FLOORMAT STYLE B,DFMB,Coupe,""
BM9508B1,BMW,430i Gran Coupe,2018,2018,"F32, 2pc Front w/Velcro Backing & 2pc Rear",Front Center,DESIGNER FLOORMAT STYLE B,DFMB,Coupe,""
BM9508B1,BMW,430i xDrive,2018,2018,"F32, 2pc Front w/Velcro Backing & 2pc Rear",Front Center,DESIGNER FLOORMAT STYLE B,DFMB,Coupe,""
BM9508B1,BMW,430i xDrive Gran Coupe,2018,2018,"F32, 2pc Front w/Velcro Backing & 2pc Rear",Front Center,DESIGNER FLOORMAT STYLE B,DFMB,Coupe,""
BM9508B1,BMW,440i,2018,2018,"F32, 2pc Front w/Velcro Backing & 2pc Rear",Front Center,DESIGNER FLOORMAT STYLE B,DFMB,Coupe,""
BM9508B1,BMW,440i Gran Coupe,2018,2018,"F32, 2pc Front w/Velcro Backing & 2pc Rear",Front Center,DESIGNER FLOORMAT STYLE B,DFMB,Coupe,""
BM9508B1,BMW,440i xDrive,2018,2018,"F32, 2pc Front w/Velcro Backing & 2pc Rear",Front Center,DESIGNER FLOORMAT STYLE B,DFMB,Coupe,""
BM9508B1,BMW,440i xDrive Gran Coupe,2018,2018,"F32, 2pc Front w/Velcro Backing & 2pc Rear",Front Center,DESIGNER FLOORMAT STYLE B,DFMB,Coupe,""
CD9302,Cadillac,CTS,2014,2014,2pc Front w/ Plastic Grommets ,"",CUSTOM FLOORMATS STYLE A,CFMA,Sedan,""
CD9302A1,Cadillac,CTS,2014,2014,2pc Front w/ Plastic Grommets ,Front,DESIGNER FLOORMAT STYLE A,DFMA,Sedan,""
CD9303,Cadillac,CTS,2014,2014,2pc Front w/ Plastic Grommets  & 2pc Rear,"",CUSTOM FLOORMATS STYLE B,CFMB,Sedan,""
CD9303B1,Cadillac,CTS,2014,2014,2pc Front w/ Plastic Grommets  & 2pc Rear,Front Center,DESIGNER FLOORMAT STYLE B,DFMB,Sedan,""
CD9312,Cadillac,XTS,2013,2018,2pc front w/grommets,"",CUSTOM FLOORMATS STYLE A,CFMA,"",""
CD9312A1,Cadillac,XTS,2013,2018,2pc front w/grommets,Front,DESIGNER FLOORMAT STYLE A,DFMA,"",""
CD9313,Cadillac,XTS,2013,2018,2pc front w/grommets + 2pc rear,"",CUSTOM FLOORMATS STYLE B,CFMB,"",""
CD9313B1,Cadillac,XTS,2013,2018,"2pc front w/grommets,2pc rear",Front Center,DESIGNER FLOORMAT STYLE B,DFMB,"",""
CD9317,Cadillac,Escalade,2018,2018,2pc front w/plastic grommets,"",CUSTOM FLOORMATS STYLE A,CFMA,"",""
CD9317A1,Cadillac,Escalade,2018,2018,2pc front w/plastic grommets w/ Plastic grommets,Front,DESIGNER FLOORMAT STYLE A,DFMA,"",""
CD9318,Cadillac,Escalade,2018,2018,2pc front w/plastic grommets + 2pc rear,"",CUSTOM FLOORMATS STYLE B,CFMB,"",""
CD9318B1,Cadillac,Escalade,2018,2018,"2pc front w/plastic grommets,2pc rear w/ Plastic grommets",Front Center,DESIGNER FLOORMAT STYLE B,DFMB,"",""
CD9319,Cadillac,Escalade ESV,2018,2018,2pc front w/plastic grommets,"",CUSTOM FLOORMATS STYLE A,CFMA,"",""
CD9319A1,Cadillac,Escalade ESV,2018,2018,2pc front w/plastic grommets w/ Plastic grommets,Front,DESIGNER FLOORMAT STYLE A,DFMA,"",""
CD9320,Cadillac,Escalade ESV,2018,2018,2pc front w/plastic grommets + 2pc rear,"",CUSTOM FLOORMATS STYLE B,CFMB,"",""
CD9320B1,Cadillac,Escalade ESV,2018,2018,"2pc front w/plastic grommets,2pc rear w/ Plastic grommets",Front Center,DESIGNER FLOORMAT STYLE B,DFMB,"",""
MD7205,Mercedes-Benz,Sprinter 2500,2018,2018,"2PC front, w/o Grommets","",CUSTOM FLOORMATS STYLE A,CFMA,"",""
MD7205,Mercedes-Benz,Sprinter 3500,2018,2018,"2PC front, w/o Grommets","",CUSTOM FLOORMATS STYLE A,CFMA,"",""
MD7205A1,Mercedes-Benz,Sprinter 2500,2018,2018,"2PC front, w/o Grommets",Front,DESIGNER FLOORMAT STYLE A,DFMA,"",""
MD7205A1,Mercedes-Benz,Sprinter 3500,2018,2018,"2PC front, w/o Grommets",Front,DESIGNER FLOORMAT STYLE A,DFMA,"",""
MD9393,Mercedes-Benz,AMG GT S,2018,2018,"(C120 Body Style) AMG GT-S, 2pc Front w/driver grommets","",CUSTOM FLOORMATS STYLE A,CFMA,"",""
MD9393A1,Mercedes-Benz,AMG GT S,2018,2018,"(C120 Body Style) AMG GT-S, 2pc Front w/driver grommets",Front,DESIGNER FLOORMAT STYLE A,DFMA,"",""
MD9405,Mercedes-Benz,E400,2018,2018,"(W213 body style), 2pc front w/driver & passenger snap-on grommet","",CUSTOM FLOORMATS STYLE A,CFMA,Sedan,""
MD9405A1,Mercedes-Benz,E400,2018,2018,(W213 body style) 2pc front w/driver & passenger snap-on grommet,Front,DESIGNER FLOORMAT STYLE A,DFMA,Sedan,""
MD9406,Mercedes-Benz,E400,2018,2018,(W213 body style) 2pc front w/driver & passenger snap-on grommet + 2pc rear,"",CUSTOM FLOORMATS STYLE B,CFMB,Sedan,""
MD9406B1,Mercedes-Benz,E400,2018,2018,"(W213 body style) 2pc front w/driver & passenger snap-on grommet,2pc rear",Front Center,DESIGNER FLOORMAT STYLE B,DFMB,Sedan,""
MD9420,Mercedes-Benz,G63 AMG,2018,2018,"Includes G63 AMG, G65 AMG, G-Class, 2pc Front (No Grommets on Factory mat)","",CUSTOM FLOORMATS STYLE A,CFMA,"",""
MD9420,Mercedes-Benz,G65 AMG,2018,2018,"Includes G63 AMG, G65 AMG, G-Class, 2pc Front (No Grommets on Factory mat)","",CUSTOM FLOORMATS STYLE A,CFMA,"",""
MD9420A1,Mercedes-Benz,G63 AMG,2018,2018,"Includes G63 AMG, G65 AMG, G-Class, 2pc Front (No Grommets on Factory mat)",Front,DESIGNER FLOORMAT STYLE A,DFMA,"",""
MD9420A1,Mercedes-Benz,G65 AMG,2018,2018,"Includes G63 AMG, G65 AMG, G-Class, 2pc Front (No Grommets on Factory mat)",Front,DESIGNER FLOORMAT STYLE A,DFMA,"",""
MD9421,Mercedes-Benz,G63 AMG,2018,2018,"Includes G63 AMG, G65 AMG, G-Class, 2pc Front (No Grommets on Factory mat) + 3pc 2nd Row","",CUSTOM FLOORMATS STYLE B,CFMB,"",""
MD9421,Mercedes-Benz,G65 AMG,2018,2018,"Includes G63 AMG, G65 AMG, G-Class, 2pc Front (No Grommets on Factory mat) + 3pc 2nd Row","",CUSTOM FLOORMATS STYLE B,CFMB,"",""
MD9421B1,Mercedes-Benz,G63 AMG,2018,2018,"Includes G63 AMG, G65 AMG, G-Class, 2pc Front (No Grommets on Factory mat),3pc 2nd Row",Front Center,DESIGNER FLOORMAT STYLE B,DFMB,"",""
MD9421B1,Mercedes-Benz,G65 AMG,2018,2018,"Includes G63 AMG, G65 AMG, G-Class, 2pc Front (No Grommets on Factory mat),3pc 2nd Row",Front Center,DESIGNER FLOORMAT STYLE B,DFMB,"",""
MD9422,Mercedes-Benz,S63 AMG,2018,2018,"(AC217 body style), 2pc Front w/Plastic Snap-on Grommets","",CUSTOM FLOORMATS STYLE A,CFMA,Coupe,""
MD9422,Mercedes-Benz,S550,2018,2018,"(AC217 body style), 2pc Front w/Plastic Snap-on Grommets","",CUSTOM FLOORMATS STYLE A,CFMA,Coupe,""
MD9422,Mercedes-Benz,S65 AMG,2018,2018,"(AC217 body style), 2pc Front w/Plastic Snap-on Grommets","",CUSTOM FLOORMATS STYLE A,CFMA,Coupe,""
MD9422,Mercedes-Benz,S550e,2018,2018,"(AC217 body style), 2pc Front w/Plastic Snap-on Grommets","",CUSTOM FLOORMATS STYLE A,CFMA,Coupe,""
MD9422A1,Mercedes-Benz,S63 AMG,2018,2018,"(AC217 body style), 2pc Front w/Plastic Snap-on Grommets",Front,DESIGNER FLOORMAT STYLE A,DFMA,Coupe,""
MD9422A1,Mercedes-Benz,S550,2018,2018,"(AC217 body style), 2pc Front w/Plastic Snap-on Grommets",Front,DESIGNER FLOORMAT STYLE A,DFMA,Coupe,""
MD9422A1,Mercedes-Benz,S65 AMG,2018,2018,"(AC217 body style), 2pc Front w/Plastic Snap-on Grommets",Front,DESIGNER FLOORMAT STYLE A,DFMA,Coupe,""
MD9422A1,Mercedes-Benz,S550e,2018,2018,"(AC217 body style), 2pc Front w/Plastic Snap-on Grommets",Front,DESIGNER FLOORMAT STYLE A,DFMA,Coupe,""
MD9423,Mercedes-Benz,S63 AMG,2017,2018,(AC217 body style) 2pc Front w/Plastic Snap-on Grommets + 2pc Rear w/Snap-on Grommets,"",CUSTOM FLOORMATS STYLE B,CFMB,Coupe,""
MD9423,Mercedes-Benz,S550,2017,2018,(AC217 body style) 2pc Front w/Plastic Snap-on Grommets + 2pc Rear w/Snap-on Grommets,"",CUSTOM FLOORMATS STYLE B,CFMB,Coupe,""
MD9423,Mercedes-Benz,S600,2017,2017,(AC217 body style) 2pc Front w/Plastic Snap-on Grommets + 2pc Rear w/Snap-on Grommets,"",CUSTOM FLOORMATS STYLE B,CFMB,Coupe,""
MD9423,Mercedes-Benz,S65 AMG,2017,2018,(AC217 body style) 2pc Front w/Plastic Snap-on Grommets + 2pc Rear w/Snap-on Grommets,"",CUSTOM FLOORMATS STYLE B,CFMB,Coupe,""
MD9423,Mercedes-Benz,S550e,2017,2018,(AC217 body style) 2pc Front w/Plastic Snap-on Grommets + 2pc Rear w/Snap-on Grommets,"",CUSTOM FLOORMATS STYLE B,CFMB,Coupe,""
MD9423B1,Mercedes-Benz,S63 AMG,2017,2018,"(AC217 body style) 2pc Front w/Plastic Snap-on Grommets,2pc Rear w/Snap-on Grommets",Front Center,DESIGNER FLOORMAT STYLE B,DFMB,Coupe,""
MD9423B1,Mercedes-Benz,S550,2017,2018,"(AC217 body style) 2pc Front w/Plastic Snap-on Grommets,2pc Rear w/Snap-on Grommets",Front Center,DESIGNER FLOORMAT STYLE B,DFMB,Coupe,""
MD9423B1,Mercedes-Benz,S600,2017,2017,"(AC217 body style) 2pc Front w/Plastic Snap-on Grommets,2pc Rear w/Snap-on Grommets",Front Center,DESIGNER FLOORMAT STYLE B,DFMB,Coupe,""
MD9423B1,Mercedes-Benz,S65 AMG,2017,2018,"(AC217 body style) 2pc Front w/Plastic Snap-on Grommets,2pc Rear w/Snap-on Grommets",Front Center,DESIGNER FLOORMAT STYLE B,DFMB,Coupe,""
MD9423B1,Mercedes-Benz,S550e,2017,2018,"(AC217 body style) 2pc Front w/Plastic Snap-on Grommets,2pc Rear w/Snap-on Grommets",Front Center,DESIGNER FLOORMAT STYLE B,DFMB,Coupe,""
MD9424,Mercedes-Benz,S63 AMG,2018,2018,"(V222 body style), 2pc Front w/Plastic Snap-on Grommets","",CUSTOM FLOORMATS STYLE A,CFMA,Sedan,""
MD9424,Mercedes-Benz,S550,2018,2018,"(V222 body style), 2pc Front w/Plastic Snap-on Grommets","",CUSTOM FLOORMATS STYLE A,CFMA,Sedan,""
MD9424,Mercedes-Benz,S65 AMG,2018,2018,"(V222 body style), 2pc Front w/Plastic Snap-on Grommets","",CUSTOM FLOORMATS STYLE A,CFMA,Sedan,""
MD9424,Mercedes-Benz,S550e,2018,2018,"(V222 body style), 2pc Front w/Plastic Snap-on Grommets","",CUSTOM FLOORMATS STYLE A,CFMA,Sedan,""
MD9424A1,Mercedes-Benz,S63 AMG,2018,2018,"(V222 body style), 2pc Front w/Plastic Snap-on Grommets",Front,DESIGNER FLOORMAT STYLE A,DFMA,Sedan,""
MD9424A1,Mercedes-Benz,S550,2018,2018,"(V222 body style), 2pc Front w/Plastic Snap-on Grommets",Front,DESIGNER FLOORMAT STYLE A,DFMA,Sedan,""
MD9424A1,Mercedes-Benz,S65 AMG,2018,2018,"(V222 body style), 2pc Front w/Plastic Snap-on Grommets",Front,DESIGNER FLOORMAT STYLE A,DFMA,Sedan,""
MD9424A1,Mercedes-Benz,S550e,2018,2018,"(V222 body style), 2pc Front w/Plastic Snap-on Grommets",Front,DESIGNER FLOORMAT STYLE A,DFMA,Sedan,""
MD9425,Mercedes-Benz,S63 AMG,2018,2018,"(V222 body style), 2pc Front w/Plastic Snap-on Grommets + 2pc Rear w/Snap-on Grommets","",CUSTOM FLOORMATS STYLE B,CFMB,Sedan,""
MD9425,Mercedes-Benz,S550,2018,2018,"(V222 body style), 2pc Front w/Plastic Snap-on Grommets + 2pc Rear w/Snap-on Grommets","",CUSTOM FLOORMATS STYLE B,CFMB,Sedan,""
MD9425,Mercedes-Benz,S65 AMG,2018,2018,"(V222 body style), 2pc Front w/Plastic Snap-on Grommets + 2pc Rear w/Snap-on Grommets","",CUSTOM FLOORMATS STYLE B,CFMB,Sedan,""
MD9425,Mercedes-Benz,S550e,2018,2018,"(V222 body style), 2pc Front w/Plastic Snap-on Grommets + 2pc Rear w/Snap-on Grommets","",CUSTOM FLOORMATS STYLE B,CFMB,Sedan,""
MD9425B1,Mercedes-Benz,S63 AMG,2018,2018,"(V222 body style), 2pc Front w/Plastic Snap-on Grommets,2pc Rear w/Snap-on Grommets",Front Center,DESIGNER FLOORMAT STYLE B,DFMB,Sedan,""
MD9425B1,Mercedes-Benz,S550,2018,2018,"(V222 body style), 2pc Front w/Plastic Snap-on Grommets,2pc Rear w/Snap-on Grommets",Front Center,DESIGNER FLOORMAT STYLE B,DFMB,Sedan,""
MD9425B1,Mercedes-Benz,S65 AMG,2018,2018,"(V222 body style), 2pc Front w/Plastic Snap-on Grommets,2pc Rear w/Snap-on Grommets",Front Center,DESIGNER FLOORMAT STYLE B,DFMB,Sedan,""
MD9425B1,Mercedes-Benz,S550e,2018,2018,"(V222 body style), 2pc Front w/Plastic Snap-on Grommets,2pc Rear w/Snap-on Grommets",Front Center,DESIGNER FLOORMAT STYLE B,DFMB,Sedan,""
MD9429,Mercedes-Benz,SL63 AMG,2018,2018,"2pc front w/plastic grommets, Also for AMG SL63","",CUSTOM FLOORMATS STYLE A,CFMA,"",""
MD9429A1,Mercedes-Benz,SL63 AMG,2018,2018,"2pc front w/plastic grommets, Also for AMG SL63",Front,DESIGNER FLOORMAT STYLE A,DFMA,"",""
MD9432,Mercedes-Benz,SLC300,2018,2018,2pc front w/plastic snap-on grommet,"",CUSTOM FLOORMATS STYLE A,CFMA,"",""
MD9432,Mercedes-Benz,SLC43 AMG,2018,2018,2pc front w/plastic snap-on grommet,"",CUSTOM FLOORMATS STYLE A,CFMA,"",""
MD9434,Mercedes-Benz,GLE350,2018,2018,2pc Front w/Mercedes Plastic Grommets,"",CUSTOM FLOORMATS STYLE A,CFMA,SUV,""
MD9434,Mercedes-Benz,GLE63 AMG,2018,2018,2pc Front w/Mercedes Plastic Grommets,"",CUSTOM FLOORMATS STYLE A,CFMA,SUV,""
MD9434,Mercedes-Benz,GLE550e,2018,2018,2pc Front w/Mercedes Plastic Grommets,"",CUSTOM FLOORMATS STYLE A,CFMA,SUV,""
MD9434A1,Mercedes-Benz,GLE350,2018,2018,2pc Front w/Mercedes Plastic Grommets,Front,DESIGNER FLOORMAT STYLE A,DFMA,SUV,""
MD9434A1,Mercedes-Benz,GLE63 AMG,2018,2018,2pc Front w/Mercedes Plastic Grommets,Front,DESIGNER FLOORMAT STYLE A,DFMA,SUV,""
MD9434A1,Mercedes-Benz,GLE550e,2018,2018,2pc Front w/Mercedes Plastic Grommets,Front,DESIGNER FLOORMAT STYLE A,DFMA,SUV,""
MD9435,Mercedes-Benz,GLE350,2018,2018,2pc Front & 2pc Rear w/Mercedes Plastic Grommets,"",CUSTOM FLOORMATS STYLE B,CFMB,SUV,""
MD9435,Mercedes-Benz,GLE63 AMG,2018,2018,2pc Front & 2pc Rear w/Mercedes Plastic Grommets,"",CUSTOM FLOORMATS STYLE B,CFMB,SUV,""
MD9435,Mercedes-Benz,GLE550e,2018,2018,2pc Front & 2pc Rear w/Mercedes Plastic Grommets,"",CUSTOM FLOORMATS STYLE B,CFMB,SUV,""
MD9435B1,Mercedes-Benz,GLE350,2018,2018,2pc Front & 2pc Rear w/Mercedes Plastic Grommets,Front Center,DESIGNER FLOORMAT STYLE B,DFMB,SUV,""
MD9435B1,Mercedes-Benz,GLE63 AMG,2018,2018,2pc Front & 2pc Rear w/Mercedes Plastic Grommets,Front Center,DESIGNER FLOORMAT STYLE B,DFMB,SUV,""
MD9435B1,Mercedes-Benz,GLE550e,2018,2018,2pc Front & 2pc Rear w/Mercedes Plastic Grommets,Front Center,DESIGNER FLOORMAT STYLE B,DFMB,SUV,""
MD9465,Mercedes-Benz,GLE63 AMG,2018,2018,"AMG, 2pc Front w/Mercedes Plastic Grommets","",CUSTOM FLOORMATS STYLE A,CFMA,SUV,""
MD9465A1,Mercedes-Benz,GLE63 AMG,2018,2018,"AMG, 2pc Front w/Mercedes Plastic Grommets",Front,DESIGNER FLOORMAT STYLE A,DFMA,SUV,""
MD9466,Mercedes-Benz,GLE63 AMG,2018,2018,"AMG, 2pc Front w/Mercedes Plastic Grommets & 3pc Second Row","",CUSTOM FLOORMATS STYLE B,CFMB,SUV,""
MD9466B1,Mercedes-Benz,GLE63 AMG,2018,2018,"AMG, 2pc Front w/Mercedes Plastic Grommets & 3pc Second Row",Front Center,DESIGNER FLOORMAT STYLE B,DFMB,SUV,""
NS9852,Nissan,Pathfinder,2018,2018,"2pc, w/driver and passenger Metal Grommets (#4)",Front,CUSTOM FLOORMATS STYLE A,CFMA,"",""
NS9852A1,Nissan,Pathfinder,2018,2018,"2pc, w/driver and passenger Metal Grommets (#4)",Front,DESIGNER FLOORMAT STYLE A,DFMA,"",""
NS9853,Nissan,Pathfinder,2018,2018,"Middle Row Only, w/Metal Grommets (#4)","",CUSTOM FLOORMATS STYLE C,CFMC,"",""
NS9853B3,Nissan,Pathfinder,2018,2018,"(F & M), 4pc, w/driver and passenger Metal Grommets (#4)",Front Center,DESIGNER FLOORMAT STYLE B,DFMB,"",""
NS9854,Nissan,Pathfinder,2018,2018,"(M & R), 2 strips Middle and Rear w/Metal Grommets (#4)","",CUSTOM FLOORMATS STYLE D,CFMD,"",""
NS9854C1,Nissan,Pathfinder,2018,2018,"(M & R), 2 strips Middle and Rear w/Metal Grommets (#4)",Third Row and Rear,DESIGNER FLOORMAT STYLE C,DFMC,"",""
NS9899,Nissan,Titan XD,2018,2018,2PC Front w/ Metal Grommet (#4),"",CUSTOM FLOORMATS STYLE A,CFMA,"",""
NS9899A1,Nissan,Titan XD,2018,2018,2PC Front w/ Metal Grommets  (#4),Front,DESIGNER FLOORMAT STYLE A,DFMA,"",""
NS9900,Nissan,Titan XD,2018,2018,"1 piece rear strip, Only for XD model","",CUSTOM FLOORMATS STYLE C,CFMC,Crew Cab Pickup,""
NS9900B3,Nissan,Titan XD,2018,2018,"2pcs Front, w/ Metal Grommets (#4) , 1 piece rear strip, Only for XD model",Front Center,DESIGNER FLOORMAT STYLE B,DFMB,Crew Cab Pickup,""
AC9342,Acura,ILX,2018,2018,2PC Front w/Driver & Passenger w/ Honda Plastic Grommet,"",CUSTOM FLOORMATS STYLE A,CFMA,"",""
AC9342A1,Acura,ILX,2018,2018,2PC Front w/Driver & Passenger Honda Plastic Grommets,Front,DESIGNER FLOORMAT STYLE A,DFMA,"",""
AC9343,Acura,ILX,2018,2018,2PC Front w/ Honda Plastic Grommets + 2PC Rear,"",CUSTOM FLOORMATS STYLE B,CFMB,"",""
AC9343B1,Acura,ILX,2018,2018,"2PC Front w/ Honda Plastic Grommets, & 2PC Rear",Front Center,DESIGNER FLOORMAT STYLE B,DFMB,"",""
AC9366,Acura,NSX,2018,2018,2pc Front with Honda Plastic Grommet style,"",CUSTOM FLOORMATS STYLE A,CFMA,"",""
AC9366A1,Acura,NSX,2018,2018,2pc Front w/ Honda Plastic Grommets style,Front,DESIGNER FLOORMAT STYLE A,DFMA,"",""
AS7104B1,Aston Martin,Rapide,2018,2018,4pc,Front Center,DESIGNER FLOORMAT STYLE B,DFMB,"",""
AS7105C1,Aston Martin,Rapide,2018,2018,Trunk Mat,Third Row and Rear,DESIGNER FLOORMAT STYLE C,DFMC,"",""
VW9363,Volkswagen,e-Golf,2018,2018,"2pc Front, including E Golf, w/ VW Plastic Grommets, (3OT129 & 3OT130)","",CUSTOM FLOORMATS STYLE A,CFMA,"",""
VW9363A1,Volkswagen,e-Golf,2018,2018,"2pc Front including E Golf w/ VW plastic grommets, (3OT129 & 3OT130)",Front,DESIGNER FLOORMAT STYLE A,DFMA,"",""
VW9364,Volkswagen,e-Golf,2018,2018,"2pc Front w/ VW Plastic Grommets, & 2pc Rear, inlcuding E Golf, (3OT129 & 3OT130)","",CUSTOM FLOORMATS STYLE B,CFMB,"",""
VW9364B1,Volkswagen,e-Golf,2018,2018,"2pc Front w/ VW Plastic Grommets, & 2pc Rear, incl E Golf, (3OT129 & 3OT130)",Front Center,DESIGNER FLOORMAT STYLE B,DFMB,"",""
AC9381,Acura,ILX,2013,2013,2pc Front w/Honda Plastic Grommets & 1 Strip Rear,"",CUSTOM FLOORMATS STYLE B,CFMB,"",""
AC9381B3,Acura,ILX,2013,2013,2pc Front w/Honda Plastic Grommets & 1 Strip Rear,Front Center,DESIGNER FLOORMAT STYLE B,DFMB,"",""
MS9224A1,Maserati,Spyder,2002,2007,"2PC, w/o Grommets",Front,DESIGNER FLOORMAT STYLE A,DFMA,"",""
MS9225B1,Maserati,Spyder,2002,2007,"4PC, w/o Grommets",Front Center,DESIGNER FLOORMAT STYLE B,DFMB,"",""
